Jelani Roy,41282626631,PF,50
Dana Mendoza,26673788643,PF,50
Dante Gibson,16846369443,PF,50
Yuli Shannon,33578172376,PF,50
Honorato Kirkland,84743496887,PF,50
Gemma Meyer,32836462755,PF,50
Rebecca Rich,85359261732,PF,50
Brenna Barrett,68435824496,PF,50
Hendrerit Neque Foundation,49762231825,PJ,50
Curabitur Sed Tortor Consulting,71844336234,PJ,50
Elit Foundation,48888689687,PJ,50
Orci Quis Lectus Inc.,58882218444,PJ,50
Nam Porttitor Scelerisque LLC,14542481238,PJ,50
Egestas A Scelerisque LLC,25678535974,PJ,50
Nec Tempus Associates,41277668357,PJ,50
Commodo Hendrerit Donec Foundation,72928258468,PJ,50
Vitae Semper Incorporated,83222321884,PJ,50
Vivamus Rhoncus Limited,25571296584,PJ,50
Tempor Lorem Limited,31559883568,PJ,50
Tempus Non Lacinia Associates,24889282569,PJ,50
Mattis Cras Eget Ltd,35447236378,PJ,50
Et LLP,22956396637,PJ,50
Sodales At Limited,63845818758,PJ,50
Cum Sociis Inc.,57278254928,PJ,50
Dui Augue Eu Foundation,22232466637,PJ,50
Interdum Curabitur Dictum Inc.,58497283264,PJ,50
Ullamcorper Velit In Industries,39211723912,PJ,50
Blandit Institute,16253396762,PJ,50
Quisque Imperdiet Company,54454384367,PJ,50
Sed Dolor Fusce Incorporated,98669656584,PJ,50
Auctor Velit Associates,18796652516,PJ,50
Eget Foundation,37135274744,PJ,50
Mi Felis Corporation,61748448624,PJ,50
Charissa Morrow,66834576697,PF,50
Jana Goff,42536284185,PF,50
Naida Chen,65815512283,PF,50
Cullen Gay,99874626571,PF,50
Selma Mays,75966249895,PF,50
Delilah Morgan,56436457278,PF,50
Quinlan Snider,27435424561,PF,50
Amery Wolf,72458656574,PF,50
Neve Workman,96973526184,PF,50
Melinda Gay,38227888711,PF,50
Heidi Byrd,22562631278,PF,50
Clementine Mcclain,82382846893,PF,50
Alfonso Bernard,25472123721,PF,50
Quintessa Jensen,84284356179,PF,50
Jaden Pruitt,38643325955,PF,50
Alfonso Waller,38358685475,PF,50
Aidan Noel,36815123171,PF,50
Demetria Mitchell,84369787216,PF,50
Nathan Whitehead,57583477717,PF,50
Cecilia Wiggins,56382299665,PF,50
Ciara Atkinson,42555657552,PF,50
Raymond Kane,74737857844,PF,50
Tellus Sem Mollis Foundation,57853426237,PJ,50
Vitae LLP,37377764286,PJ,50
A Purus Limited,92524477364,PJ,50
Cursus Foundation,43699348312,PJ,50
Eget Limited,38527639742,PJ,50
Suspendisse Non Leo Ltd,29538522568,PJ,50
Elit Consulting,66258638498,PJ,50
Donec Elementum Corp.,39435842947,PJ,50
Arcu Sed Associates,34955415647,PJ,50
Mattis Consulting,34472378877,PJ,50
Felis Associates,37748688435,PJ,50
Integer Mollis Integer Ltd,31985798497,PJ,50
Non Corp.,47665765255,PJ,50
Malesuada Augue Ut Consulting,63188655693,PJ,50
In Hendrerit Corporation,74644824424,PJ,50
Bibendum Donec Corp.,63782321832,PJ,50
Nunc Institute,37638245335,PJ,50
Accumsan Convallis Ante Foundation,95558811282,PJ,50
Eu Sem LLC,72434536854,PJ,50
Olga Boyd,44478279118,PF,50
Jael Moore,42954375888,PF,50
Chava Woodard,18385314333,PF,50
Jacob Crane,48837714184,PF,50
Cheryl Cole,26822766817,PF,50
Lois Townsend,56967268454,PF,50
Blake Burnett,87755448559,PF,50
Vivian Sanders,62766823732,PF,50
Yen Ortiz,63587424215,PF,50
Gil Mccray,32511252397,PF,50
Alexa Elliott,23975456163,PF,50
Kenyon Mack,13965567563,PF,50
Abigail Hopper,84258132928,PF,50
Demetria Vargas,43562897246,PF,50
Tristique Neque Limited,61883774839,PJ,50
Dis Industries,63954624847,PJ,50
Sit Amet LLC,55879645994,PJ,50
Nec Euismod Inc.,64122954542,PJ,50
Nullam Lobortis Quam Institute,84317681112,PJ,50
Nunc Industries,59856545247,PJ,50
Adipiscing Elit Aliquam Incorporated,26832614197,PJ,50
Cursus Foundation,33265483377,PJ,50
Gravida Non Sollicitudin Institute,44985583268,PJ,50
Magna LLP,33355546853,PJ,50
Iaculis Odio Associates,75671489439,PJ,50
Amet Consectetuer Consulting,38522322547,PJ,50
Augue Scelerisque Corp.,89372486846,PJ,50
Dillon Hays,65138347276,PF,50
Neville Allison,55584623961,PF,50
Hayfa Nelson,68774933898,PF,50
Branden Davidson,36243282449,PF,50
Delilah Caldwell,76932265227,PF,50
Shafira Downs,85855623576,PF,50
Brady Barnes,75743721978,PF,50
Oren Shields,51778323965,PF,50
Elit Dictum Ltd,81819598821,PJ,50
Rhoncus Proin Corp.,65252797459,PJ,50
Quis Pede Institute,46312988779,PJ,50
Orci Lacus Vestibulum Limited,97121227768,PJ,50
Brett Mccoy,68338454592,PF,50
Nichole Hinton,16981835237,PF,50
Aretha Kinney,42743525482,PF,50
Elijah Soto,59871374582,PF,50
Mariam Mayo,23623288557,PF,50
Sopoline Jordan,29378473794,PF,50
Consectetuer Adipiscing Incorporated,98334937299,PJ,50
Tincidunt Orci Quis Institute,64257866879,PJ,50
Feugiat Tellus Lorem Institute,22236441276,PJ,50
Aliquam Rutrum PC,56277864686,PJ,50
Velit Egestas Consulting,87754267186,PJ,50
Ligula Foundation,77267324844,PJ,50
Mus Proin Vel Limited,55648356427,PJ,50
Abraham Owens,84385663485,PF,50
Benjamin Garner,27491553768,PF,50
Maecenas Associates,33721683622,PJ,50
Est Vitae Sodales Inc.,47793572184,PJ,50
Purus LLP,25285733635,PJ,50
Nullam Scelerisque LLC,38159662974,PJ,50
Tincidunt Nunc Ac Foundation,82759585446,PJ,50
Arcu LLP,33817733875,PJ,50
Consequat Purus Limited,82744846143,PJ,50
Sed Dictum Eleifend Ltd,84477248288,PJ,50
Dui Nec Urna PC,77767979323,PJ,50
Quail Rodriquez,53572577958,PF,50
Mauris Corp.,92596221236,PJ,50
Purus Duis Institute,28634414183,PJ,50
Mauris Vel Ltd,89366473239,PJ,50
Nunc Sed Industries,41647822238,PJ,50
Tincidunt Pede Ac Company,93545347882,PJ,50
Nullam Suscipit Est PC,74267478743,PJ,50
Nec Mollis Vitae Incorporated,49754857129,PJ,50
Lectus Ante Dictum Industries,22889719465,PJ,50
Cursus Diam Inc.,23116477774,PJ,50
Mus LLC,78152648258,PJ,50
Et Corporation,55795633428,PJ,50
Feugiat Sed Foundation,44646188646,PJ,50
Urna Vivamus Molestie Limited,89695775287,PJ,50
At Augue Institute,57684214268,PJ,50
Tellus Suspendisse Consulting,65572238857,PJ,50
Dolor Quisque PC,17621624153,PJ,50
Risus Limited,74825796159,PJ,50
Et Malesuada Industries,69778235355,PJ,50
Bibendum Sed Foundation,67365142627,PJ,50
Auctor Mauris Vel Corp.,27744763278,PJ,50
Elit Pharetra Ut Institute,22546854485,PJ,50
Non Vestibulum Corporation,29848559853,PJ,50
Nulla Cras Eu Associates,45933575884,PJ,50
Ulysses Dorsey,73764226457,PF,50
